Workbook

Sheet Parti1
A1: key_resp.corr | B1: key_resp.rt | D1: All Trials | G1: Accurate Trials
A2: 1 | B2: 2.5247506 | D2: SeqRT | E2: RanRT | G2: SeqRT | H2: RanRT
A3: 1 | B3: 2.1786815 | D3: 2.5247506 | E3: 5.0442657 | G3: 2.5247506 | H3: 5.0442657
A4: 1 | B4: 1.8983103 | D4: 2.1786815 | E4: 1.005792 | G4: 2.1786815 | H4: 1.005792
A5: 1 | B5: 0.94443154 | D5: 1.8983103 | E5: 2.0039692 | G5: 1.8983103 | H5: 2.0039692
A6: 1 | B6: 3.4110769 | D6: 0.94443154 | E6: 0.98815754 | G6: 0.94443154 | H6: 0.98815754
A7: 1 | B7: 2.6073372 | D7: 3.4110769 | E7: 0.58348071 | G7: 3.4110769 | H7: 0.58348071
A8: 1 | B8: 2.3219663 | D8: 2.6073372 | E8: 0.56814204 | G8: 2.6073372 | H8: 0.56814204
A9: 1 | B9: 1.222622 | D9: 2.3219663 | E9: 0.41736471 | G9: 2.3219663 | H9: 0.41736471
A10: 1 | B10: 1.6474915 | D10: 1.222622 | E10: 0.4991555 | G10: 1.222622 | H10: 0.4991555
A11: 1 | B11: 2.5185231 | D11: 1.6474915 | E11: 3.1152025 | G11: 1.6474915 | H11: 3.1152025
A12: 1 | B12: 3.3494045 | D12: 2.5185231 | E12: 2.2340682 | G12: 2.5185231 | H12: 2.2340682
A13: 1 | B13: 2.7585542 | D13: 3.3494045 | E13: 0.91461342 | G13: 3.3494045 | H13: 0.91461342
A14: 0 | B14: 2.7944936 | D14: 2.7585542 | E14: 2.4153213 | G14: 2.7585542 | H14: 2.4153213
... A201: 1 | B201: 0.74905917 | D201: 0.38504408 | E201: 0.89233625 | G201: 0.74905917 | H201: 0.89233625
A202: 1 | B202: 5.0442657 | D202: 0.74905917 | E202: 0.78423908 | H202: 0.78423908
A203: 1 | B203: 1.005792
A204: 1 | B204: 2.0039692 | G204: Mean
A205: 1 | B205: 0.98815754 | G205: =AVERAGE(G3:G201) -> 0.89323036 | H205: =AVERAGE(H3:H202) -> 1.2269287
A206: 1 | B206: 0.58348071
A207: 1 | B207: 0.56814204
A208: 1 | B208: 0.41736471
A209: 1 | B209: 0.4991555
A210: 1 | B210: 3.1152025
A211: 1 | B211: 2.2340682
A212: 1 | B212: 0.91461342
A213: 1 | B213: 2.4153213
A214: 1 | B214: 1.522179
A215: 1 | B215: 1.0232896
A216: 1 | B216: 0.67760754
A217: 1 | B217: 0.73006996
... A401: 1 | B401: 0.78423908

Sheet Parti2
D1: All Trials | G1: Accurate Trials
A2: key_resp.corr | B2: key_resp.rt | D2: SeqRT | E2: RanRT | G2: SeqRT | H2: RanRT
A3: 1 | B3: 4.7987165 | D3: 4.7987165 | E3: 1.0590434 | G3: 4.7987165 | H3: 1.0590434
A4: 1 | B4: 2.165105 | D4: 2.165105 | E4: 0.80514654 | G4: 2.165105 | H4: 0.80514654
A5: 1 | B5: 0.74556492 | D5: 0.74556492 | E5: 0.92491087 | G5: 0.74556492 | H5: 0.92491087
A6: 1 | B6: 0.725489 | D6: 0.725489 | E6: 0.69516542 | G6: 0.725489 | H6: 0.69516542
A7: 1 | B7: 0.31927762 | D7: 0.31927762 | E7: 0.77346075 | G7: 0.31927762 | H7: 0.77346075
A8: 1 | B8: 0.27166317 | D8: 0.27166317 | E8: 0.66773033 | G8: 0.27166317 | H8: 0.66773033
A9: 1 | B9: 0.19572933 | D9: 0.19572933 | E9: 0.65354492 | G9: 0.19572933 | H9: 0.65354492
A10: 1 | B10: 0.28438808 | D10: 0.28438808 | E10: 0.73191592 | G10: 0.28438808 | H10: 0.73191592
A11: 1 | B11: 1.1112491 | D11: 1.1112491 | E11: 1.0799949 | G11: 1.1112491 | H11: 1.0799949
A12: 1 | B12: 0.32588471 | D12: 0.32588471 | E12: 0.73349775 | G12: 0.32588471 | H12: 0.73349775
A13: 1 | B13: 0.27392412 | D13: 0.27392412 | E13: 1.1016205 | G13: 0.27392412 | H13: 1.1016205
A14: 1 | B14: 0.28684329 | D14: 0.28684329 | E14: 0.79340637 | G14: 0.28684329 | H14: 0.79340637
... A201: 1 | B201: 0.89832842 | D201: 0.89832842 | E201: 1.0399535 | G201: 0.80115721 | H201: 1.537806
A202: 1 | B202: 0.80115721 | D202: 0.80115721 | E202: 1.537806
A203: 1 | B203: 1.0590434 | G203: Mean
A204: 1 | B204: 0.80514654 | G204: =AVERAGE(G3:G201) -> 0.88871816 | H204: =AVERAGE(H3:H201) -> 1.0005333
A205: 1 | B205: 0.92491087
A206: 1 | B206: 0.69516542
A207: 1 | B207: 0.77346075
A208: 1 | B208: 0.66773033
A209: 1 | B209: 0.65354492
A210: 1 | B210: 0.73191592
A211: 1 | B211: 1.0799949
A212: 1 | B212: 0.73349775
A213: 1 | B213: 1.1016205
A214: 1 | B214: 0.79340637
A215: 1 | B215: 0.88225262
A216: 1 | B216: 1.1003347
... A402: 1 | B402: 1.537806

Sheet Parti3
D1: All Trials | G1: Accurate Trials
A2: key_resp.corr | B2: key_resp.rt | D2: SeqRT | E2: RanRT | G2: SeqRT | H2: RanRT
A3: 1 | B3: 0.63628367 | D3: 0.63628367 | E3: 0.99643087 | G3: 0.63628367 | H3: 0.99643087
A4: 1 | B4: 0.39834433 | D4: 0.39834433 | E4: 0.90279508 | G4: 0.39834433 | H4: 0.90279508
A5: 1 | B5: 0.26487487 | D5: 0.26487487 | E5: 0.84157546 | G5: 0.26487487 | H5: 0.84157546
A6: 1 | B6: 0.31437108 | D6: 0.31437108 | E6: 1.1742422 | G6: 0.31437108 | H6: 1.1742422
A7: 1 | B7: 0.28907404 | D7: 0.28907404 | E7: 1.3959727 | G7: 0.28907404 | H7: 1.3959727
A8: 1 | B8: 0.29011362 | D8: 0.29011362 | E8: 1.4656748 | G8: 0.29011362 | H8: 1.4656748
A9: 1 | B9: 0.27631454 | D9: 0.27631454 | E9: 1.0192193 | G9: 0.27631454 | H9: 1.0192193
A10: 1 | B10: 0.25435771 | D10: 0.25435771 | E10: 1.5651273 | G10: 0.25435771 | H10: 1.5651273
A11: 1 | B11: 0.33022229 | D11: 0.33022229 | E11: 1.6985139 | G11: 0.33022229 | H11: 1.6985139
A12: 1 | B12: 0.49937829 | D12: 0.49937829 | E12: 1.2030739 | G12: 0.49937829 | H12: 1.2030739
A13: 1 | B13: 0.31481171 | D13: 0.31481171 | E13: 1.1384285 | G13: 0.31481171 | H13: 1.1384285
A14: 1 | B14: 0.37840371 | D14: 0.37840371 | E14: 0.95190675 | G14: 0.37840371 | H14: 0.95190675
... A202: 1 | B202: 0.32358979 | D202: 0.32358979 | E202: 1.2355747 | G202: 0.32358979 | H202: 1.2355747
A203: 1 | B203: 0.99643087
A204: 1 | B204: 0.90279508 | G204: Mean
A205: 1 | B205: 0.84157546 | G205: =AVERAGE(G3:G202) -> 0.45154972 | H205: =AVERAGE(H3:H202) -> 1.2053968
A206: 1 | B206: 1.1742422
A207: 1 | B207: 1.3959727
A208: 1 | B208: 1.4656748
A209: 1 | B209: 1.0192193
A210: 1 | B210: 1.5651273
A211: 1 | B211: 1.6985139
A212: 1 | B212: 1.2030739
A213: 1 | B213: 1.1384285
A214: 1 | B214: 0.95190675
A215: 1 | B215: 1.8101392
A216: 1 | B216: 1.5010642
A217: 1 | B217: 2.4005605
... A402: 1 | B402: 1.2355747

Sheet Parti4
D1: All Trials | G1: Accurate Trials
A2: key_resp.corr | B2: key_resp.rt | D2: SeqRT | E2: RanRT | G2: SeqRT | H2: RanRT
A3: 1 | B3: 1.2142467 | D3: 1.2142467 | E3: 0.44766546 | G3: 1.2142467 | H3: 0.44766546
A4: 1 | B4: 1.3778385 | D4: 1.3778385 | E4: 0.77630804 | G4: 1.3778385 | H4: 0.77630804
A5: 1 | B5: 1.0283998 | D5: 1.0283998 | E5: 0.32097229 | G5: 1.0283998 | H5: 0.32097229
A6: 1 | B6: 0.65540908 | D6: 0.65540908 | E6: 0.30426362 | G6: 0.65540908 | H6: 0.30426362
A7: 1 | B7: 0.80862721 | D7: 0.80862721 | E7: 0.72372517 | G7: 0.80862721 | H7: 0.72372517
A8: 1 | B8: 0.30513854 | D8: 0.30513854 | E8: 0.70166567 | G8: 0.30513854 | H8: 0.70166567
A9: 1 | B9: 0.34800604 | D9: 0.34800604 | E9: 0.50894954 | G9: 0.34800604 | H9: 0.50894954
A10: 1 | B10: 0.60831983 | D10: 0.60831983 | E10: 0.90018487 | G10: 0.60831983 | H10: 0.90018487
A11: 1 | B11: 0.4192025 | D11: 0.4192025 | E11: 1.0398774 | G11: 0.4192025 | H11: 1.0398774
A12: 1 | B12: 0.31449188 | D12: 0.31449188 | E12: 0.98078479 | G12: 0.31449188 | H12: 0.98078479
A13: 1 | B13: 0.33170054 | D13: 0.33170054 | E13: 0.94706896 | G13: 0.33170054 | H13: 0.94706896
A14: 1 | B14: 0.31352317 | D14: 0.31352317 | E14: 1.4131159 | G14: 0.31352317 | H14: 1.4131159
... A201: 1 | B201: 0.64492129 | D201: 0.64492129 | E201: 0.78065542 | G201: 0.64492129 | H201: 1.2911563
A202: 1 | B202: 0.69557012 | D202: 0.69557012 | E202: 1.2911563 | G202: 0.69557012
A203: 1 | B203: 0.44766546
A204: 1 | B204: 0.77630804 | G204: Mean
A205: 1 | B205: 0.32097229 | G205: =AVERAGE(G3:G202) -> 0.76229517 | H205: =AVERAGE(H3:H202) -> 0.95594852
A206: 1 | B206: 0.30426362
A207: 1 | B207: 0.72372517
A208: 1 | B208: 0.70166567
A209: 1 | B209: 0.50894954
A210: 1 | B210: 0.90018487
A211: 1 | B211: 1.0398774
A212: 1 | B212: 0.98078479
A213: 1 | B213: 0.94706896
A214: 1 | B214: 1.4131159
A215: 1 | B215: 0.98220921
A216: 1 | B216: 1.240943
A217: 1 | B217: 2.065708
... A402: 1 | B402: 1.2911563

Sheet Parti5
D1: All Trials | G1: Accurate Trials
A2: key_resp.corr | B2: key_resp.rt | D2: SeqRT | E2: RanRT | G2: SeqRT | H2: RanRT
A3: 1 | B3: 1.4637516 | D3: 1.4637516 | E3: 0.35378579 | G3: 1.4637516 | H3: 0.35378579
A4: 1 | B4: 0.26614654 | D4: 0.26614654 | E4: 0.50901954 | G4: 0.26614654 | H4: 0.50901954
A5: 1 | B5: 0.31823067 | D5: 0.31823067 | E5: 1.5653495 | G5: 0.31823067 | H5: 1.5653495
A6: 1 | B6: 1.4588965 | D6: 1.4588965 | E6: 0.51553267 | G6: 1.4588965 | H6: 0.51553267
A7: 1 | B7: 0.29890337 | D7: 0.29890337 | E7: 1.0387791 | G7: 0.29890337 | H7: 1.0387791
A8: 1 | B8: 0.81391629 | D8: 0.81391629 | E8: 1.6891111 | G8: 0.81391629 | H8: 1.6891111
A9: 1 | B9: 0.35825987 | D9: 0.35825987 | E9: 0.96796608 | G9: 0.35825987 | H9: 0.96796608
A10: 1 | B10: 0.34397096 | D10: 0.34397096 | E10: 0.83345421 | G10: 0.34397096 | H10: 0.83345421
A11: 1 | B11: 0.57441475 | D11: 0.57441475 | E11: 1.7752079 | G11: 0.57441475 | H11: 1.7752079
A12: 1 | B12: 0.31791879 | D12: 0.31791879 | E12: 0.63182754 | G12: 0.31791879 | H12: 0.63182754
A13: 1 | B13: 0.26009408 | D13: 0.26009408 | E13: 1.1012754 | G13: 0.26009408 | H13: 1.1012754
A14: 1 | B14: 0.35125458 | D14: 0.35125458 | E14: 0.81904279 | G14: 0.35125458 | H14: 0.81904279
... A197: 1 | B197: 0.56934658 | D197: 0.56934658 | E197: 0.95225208 | G197: 0.34577817 | H197: 0.69186892
A198: 1 | B198: 0.34577817 | D198: 0.34577817 | E198: 0.81712442 | G198: 0.74252429
A199: 1 | B199: 0.74252429 | D199: 0.74252429 | E199: 1.1071255 | G199: 0.47956158
A200: 1 | B200: 0.47956158 | D200: 0.47956158 | E200: 0.96058608 | G200: 0.46230837
A201: 1 | B201: 0.46230837 | D201: 0.46230837 | E201: 1.6185244 | G201: 0.64032792
A202: 1 | B202: 0.64032792 | D202: 0.64032792 | E202: 0.69186892
A203: 1 | B203: 0.35378579 | G203: Mean
A204: 1 | B204: 0.50901954 | G204: =AVERAGE(G3:G201) -> 0.49703274 | H204: =AVERAGE(H3:H201) -> 1.2127959
A205: 1 | B205: 1.5653495
A206: 1 | B206: 0.51553267
A207: 1 | B207: 1.0387791
A208: 1 | B208: 1.6891111
A209: 1 | B209: 0.96796608
A210: 1 | B210: 0.83345421
A211: 1 | B211: 1.7752079
A212: 1 | B212: 0.63182754
A213: 1 | B213: 1.1012754
A214: 1 | B214: 0.81904279
A215: 1 | B215: 1.1325287
A216: 1 | B216: 0.98172263
... A402: 1 | B402: 0.69186892

Sheet Results
A3: Participant Number | B3: SeqRT | C3: RanRT | D3: Difference in RT
A4: 1 | B4: =Parti1!$G$205 -> 0.89323036 | C4: =Parti1!H205 -> 1.2269287 | D4: =C4-B4 -> 0.33369838
A5: 2 | B5: =Parti2!G204 -> 0.88871816 | C5: =Parti2!H204 -> 1.0005333 | D5: =C5-B5 -> 0.11181515
A6: 3 | B6: =Parti3!G205 -> 0.45154972 | C6: =Parti3!H205 -> 1.2053968 | D6: =C6-B6 -> 0.75384704
A7: 4 | B7: =Parti4!G205 -> 0.76229517 | C7: =Parti4!H205 -> 0.95594852 | D7: =C7-B7 -> 0.19365334
A8: 5 | B8: =Parti5!G204 -> 0.49703274 | C8: =Parti5!H204 -> 1.2127959 | D8: =C8-B8 -> 0.71576311
A9: Average | B9: =AVERAGE(B4:B8) -> 0.69856523 | C9: =AVERAGE(C4:C8) -> 1.1203206 | D9: =AVERAGE(D4:D8) -> 0.42175541
A12: Mean RT for trails | B12: Average
A13: Seq RT | B13: 0.6986
A14: Ran RT | B14: 1.1203
A15: Mean RT Difference | B15: 0.4218
